,mu,sigma
0,1.3688881125633097e-05,0.00401786520580742
1,1.3723702504318127e-05,0.00981188006075416
2,1.362401070922431e-05,0.003881618578987113
3,1.3709995319631065e-05,0.004025469129934697
4,14.142250869838344,36.43373612562709
5,50.48188765603817,11.706004340555205
6,0.022352394992437703,0.01964201699469677
7,0.5071976073947059,0.3225280302025696
8,0.002949370445635873,70.52866656749674
9,47315.66428054515,26087.079139720187
